0xcdec90590834fa369cd7b775c9b2d45e2699c01c,53000000000000000000
0xd727715e21a5a68a4cf2694d4af912b3221d747f,67000000000000000000
0x566b66b4f562bd4f946f87b545ec398b5816fa4d,40000000000000000000
0xf62438d94460e49e073ca3188157b5244ba46a19,51000000000000000000
0xdb58b22c5f3dd0906528bec26c5437cfc1ce52e9,29000000000000000000
0x71aa964756e3ff4b3d0f3e95956b5fe77eb208c7,87000000000000000000
0x601bf738e3f276d175c88218163bcb27da509048,7000000000000000000
0x0b979e5fcb5b5b5b16e7c225a97e8346bc2fa11f,99000000000000000000
0x510dcf240d4753d53930fb8d1cbf1cf2e95264ee,93000000000000000000
0xdcb9d3ef6ca5c436bf8c58d0c8e54cec901004cc,88000000000000000000
0x537efa9e74edbbb861172b37ebd9fb118f159bbd,31000000000000000000
0xe419d6f8266aea2a9d9346d0fab50511ec599458,46000000000000000000
0x0bca2dc0780f76090c2306d3db16961c1aa1db09,4000000000000000000
0x36dbf83379d36274d3fc9dabed7acb02ad9af60d,36000000000000000000
0x191d77ec66b8843dba20c86d2cb56ee9fa30efd8,1000000000000000000
0x8f4a425ba0b5123d0b2fd88a485451128e220f31,98000000000000000000
0x8a9d2975380f2b41602a184b0853c25e18d1899e,1000000000000000000
0x016242661d9ff4718d9d803b73499dce3cb2936c,88000000000000000000
0x58b4865bf9fcbf0c4096ff58431167a443e7a67a,56000000000000000000
0xc6d60968d01e932e1dd73bab1c9bc1671c79cb95,43000000000000000000
0xb297ba99f6cabbe05427f9ded6fbbc1f8ecd3fc5,56000000000000000000
0x1ecaade216980f8117d19a3a7ccbe5faef5373ba,92000000000000000000
0x92bddb45c47ec44c53d294d835336776d7b27df4,39000000000000000000
0xfeed88ce0b920ec1f2dc3c75ec05bf96988ef399,65000000000000000000
0x10ef7645dc1c1d985ff40c9a9b8e2c1998e70ced,98000000000000000000
0xebee96ca35f0d136393c4905ac2ca133f5f36cbf,42000000000000000000
0x0c2a0d00fa98701715b711f130505d850df8a76c,76000000000000000000
0x8f6db7c621b880f8d3604ed7a2002803c16d0766,19000000000000000000
0xd19ada4a5603559add2ed1c68b00bec4aa3d2578,58000000000000000000
0xdb2d308e151d83496a74889cf18715de2739477b,69000000000000000000
0xf931ed665086902c9b1f242791008bdfee1000ba,80000000000000000000
0x8d990f75c24d4b86f45a3e1d13a10da2556e94f4,55000000000000000000
0x7b44deb4ad709a4736f4e217dd8379e738bbdc63,78000000000000000000
0xc2abcdcb60d08563d06a93369e59fd6ff3a8b685,60000000000000000000
0xa01fb5a54285a0571cbdacc2cac0dd27123d0bd3,31000000000000000000
0x1a5f13d7b8d55fe2aa594d74ff01cb3d115fb140,79000000000000000000
0x99019c2e2b01abf5dd3bb72165bff7fc17e32c3e,51000000000000000000
0xb72cf367f806ebd0de688f9bc1cbb1fbc7c6f754,24000000000000000000
0x17098c146e08d68cf3fc919c644e9ebd9a0505be,60000000000000000000
0x32c2792b90effa6ac77149f538abf1aefa850fee,2000000000000000000
0xf170d80aea99ae9d3c18f52ffba99289d630dc9b,60000000000000000000
0xdb6039d42c78b2d27853c756ed2341439890ca3a,80000000000000000000
0xdbf58b5980f972dc2028bdcc9a3c06c7a672bdd0,54000000000000000000
0x4beb3e7d3991396bd69f4353394ec732568837c1,90000000000000000000
0x7735d2a8e8660e0ac1e59aea67f9573e3e7ee945,26000000000000000000
0x426f188c5e5b8e41be65615a255752d39f245b80,83000000000000000000
0x423a7aa3fc2a5004e712d6e22d234f0a89f9c009,92000000000000000000
0x31b19c4d46e271a225e322286ff44f3c148750e1,31000000000000000000
0x8599646dab133ecc846ac71c7debe795273ce774,41000000000000000000
0x956bd30ad070f68f610691e18398d39933daa2c9,33000000000000000000
0xf0e5197f7f57c3c707cd8025b1ac961e76d1ced6,42000000000000000000
0xcef6212f0c8cbe73d185a6c89490b434917b18a0,27000000000000000000
0x61cecbd2850681a5da913be37fd75d771df89ba5,92000000000000000000
0xbd937706e49f354a2109eb7ff456e5960172adb0,1000000000000000000
0x4145fac4a40e32707048119d1c62969d73d9eeee,59000000000000000000
0x2b87581fa319127aff06f35548c809ce1adffa8c,36000000000000000000
0xd5383e7e36501d579369daedd3a11161a9acb104,99000000000000000000
0x733d3c5765aca95e386c37592251d9d30382927c,21000000000000000000
0xc61e124e0f9c6391db0fab90114d9e9c41b35e63,11000000000000000000
0xb6fcb82655e1856d007eac68002de76ed120f4ed,25000000000000000000
0x61c27322a4f9a73f20466f8e79acd494226a4229,73000000000000000000
0x290ba146091d9f9b3e87bd4a01b45357f9cd33c3,72000000000000000000
0xa9eddbf7d8d3c9c73b1d7ee1ddd055d4290165eb,46000000000000000000
0x76ff470bfb064b9ab4d99c03bbbd8740a3c22761,16000000000000000000
0x4e8b5aba5923150396f4e7ede10ef0639334f464,90000000000000000000
0x92362df66a342543804e70bf0a0b1783214e99eb,44000000000000000000
0x28ad19657f3821fcc6310d00532b708da57f26b8,93000000000000000000
0x98442a48cfe49578faabfc09931720abcadc3711,68000000000000000000
0x97686d6b13f98fc42d04470d6589c236fe532187,95000000000000000000
0x5fa8e75b21b6469bda3b6f1b1cf8a89fd66b9750,46000000000000000000
0xb628e987be2f7fdb3767577b02787a03c7ca6fdb,81000000000000000000
0xc3848a4d973deb4d685d43bff790ee01733b68d4,23000000000000000000
0x917bc2ba7914b0376c00c6fcdbb15ad057decf07,7000000000000000000
0xee688f52d5592e75086b875902039e106e263fcc,99000000000000000000
0x14e36e3cbfc3f21ea2fc1b298df737b18c4ba8ef,35000000000000000000
0xbfabe3ccde3bb21f46bdbb6b9b73bfc65af5cf41,25000000000000000000
0x188a8beae258a5839b9f6aa4790886e98b0537bc,18000000000000000000
0x14ae6aad4bc96bb5f9c035a000b76507e6d285e6,9000000000000000000
0xad63c99295dcd4f7b2ef7cc0a70fa02c1378ad98,68000000000000000000
0xfdff7d6a01b5b53281b62be67ac901cfa22377d8,58000000000000000000
0x14210db0da3f80fa6cf05cf30d3feb680fb971a1,12000000000000000000
0x2bae31ff38e6300766f95d16b4971db0187190e2,84000000000000000000
0xdd14e27b41f305b069b5c287b6d0b9d6ff9c7b6c,96000000000000000000
0xb96f329db138366325ab9e8aba7a6351b404d7b9,84000000000000000000
0x566fe1a3729502b8a2ba88c16d0bec313236e877,16000000000000000000
0x820caa08d17304c49104a05b2b9bc1afbef1c6c8,39000000000000000000
0xbfc795a004bb8a5bc9e3f7b8fad443a81bf4721c,88000000000000000000
0x7b20b9c0fbf9d89b914a24854790c9073ed95f4d,87000000000000000000
0xb6837b7414cfd08f4e80fa7125313bbd3d49e297,58000000000000000000
0xb554d704f4cf28f3703f6ccc3c21d16ce5c2de1c,47000000000000000000
0xf20dc042c0e67338299ca2c4e05d49a9e5d51e59,41000000000000000000
0x8ed6385a38a1624273b8e7fd09b6b2740fe5f7d0,28000000000000000000
0xb04c640f9a8fb5cacb1974da72ca7364a36dc714,24000000000000000000
0xe3dcc025aa37a954ba3117a155d76e69e038d533,42000000000000000000
0x5adfe7bd0a702a0db969666a5fb95074bc3802d1,10000000000000000000
0xc79dcfa5fe19f4f4ba70f7c956d9ab30c49a37b4,51000000000000000000
0x5b89cd981e3e19308552cc4aa94ec5590313b76b,18000000000000000000
0x5993fc470dfb861f156cd06311807df2415da2c4,40000000000000000000
0x2ff67ea8133b9db73d18fd2bfb8ca04eb227bf64,8000000000000000000
0xfed4396d3d6dc820365a81a84f2e250945120178,91000000000000000000
0x01c5af01aee371ab8ee09771699abf3b5f5c9372,64000000000000000000
0x9061290234328862da34e83057ed5c14d8d9e0fb,14000000000000000000
0xf431f4d05276b8892531ec2890dca699921e9ad4,70000000000000000000
0x4fcdd578d9216e9f271688d3ef0d6025d4e96f00,17000000000000000000
0x45cd4aa443fce655353e1cb8bc139461b7e856cb,93000000000000000000
0x3d376fdffa07cce8e68c12790ff9f465bbaacf35,39000000000000000000
0xd30b658b7571acebde2282e62aac7ffb3339656a,72000000000000000000
0xbdbac58e9f2dfa40a6c3712aa231238e70f7da18,36000000000000000000
0x105cfa5433f176945b7353c4f27b2c8584be2d1c,38000000000000000000
0xd715599e6630b1e4ae86e2deb254d0f9db009042,50000000000000000000
0x1039ce5ffb09b620d9e965b099c8d54b9e53503a,10000000000000000000
0x9d3feff86cca8d4f3397377c2c7ede262053238e,75000000000000000000
0x42e6a11f18499abaff7cad3c9a7baaeb619f4798,81000000000000000000
0xb1be14ddf03fd42f480de1c143aa036e96913c6f,17000000000000000000
0x7c7e9fd9189858e84a07ee17097e67c2859fb186,16000000000000000000
0x69d7beae436e304368161da76aa0d6b88e99b789,28000000000000000000
0x3b0ffecc66b8337b9c67e5ca484f0859d677ced3,84000000000000000000
0xa9fb497a8285e785af4f0e7052a72b1ee0385651,90000000000000000000
0x1abf2defb6c906270b39d72835917587b55c08c9,91000000000000000000
0x0288c3b9f66496bbb67b8b042469c5cdd88d1007,83000000000000000000
0xb17152f1733dfa833668aacaf2eacf276bb821e3,73000000000000000000
0xf260ad74e7fbee799ac1157508520df561a88af7,58000000000000000000
0x03437c9a7ab03299dc562ced8d1f43c1ade44f26,29000000000000000000
0x424c109de2702a3621cae56dcb70c89019f89a5f,64000000000000000000
0xc11ac9d909b1f545edb36a2936c4681f36c936d9,69000000000000000000
0x8c4793051580432141a2a367775f6616b4adbf8b,82000000000000000000
0xbcaa20734682fc8fd8848803f9b93e094a2fcaa6,9000000000000000000
0xfef996b36b8b09795ec9b21c5b71d1445832c29b,38000000000000000000
0x3997939167df5d723afd0949ded178c01f0c2fa2,88000000000000000000
0x00bd2edd0d3b403cfed66ddc792d6e0f96f15e9f,98000000000000000000
0x88cc884ca0718678c513541824fa636fc03d0387,58000000000000000000
0xd49157e31a2be3ff90f41f7e5fb19bba64e165b0,92000000000000000000
0x94373c60b3f825e9b11b08e1392a1b0f10566154,87000000000000000000
0xe480bde8d52b565e762de67c01135287ad6f0821,83000000000000000000
0x84bb72d8699ef620708ba9911b381400b8084748,83000000000000000000
0xccb9c5897551674d075ee1ae485c0134d7f53b61,21000000000000000000
0xd2c5e384d36c05f8ffc00f12e216d52dbb937f6a,4000000000000000000
0xb017b71b05ce5beb0dedc4b5f7b62bbf23e183b4,78000000000000000000
0xa874f0db4e2a163bf167513ed3135a2ae95b9716,49000000000000000000
0xe3eaa7488ae1f43fd3782b3f04b394aee5a73962,32000000000000000000
0xfe75160c2fdfe9eb1e0bf3ee6592ed0149137de5,21000000000000000000
0xb6c8de24aac55a20882d3bd098021b02a4463c73,1000000000000000000
0x095bfb21ea6534ee573b5a71ba016188b5f741b2,60000000000000000000
0xc03c59d8848a3cf8f3742402e8044f2dee1b4e4d,18000000000000000000
0x64a6ceb0da9a6278a5826120698908429d3e329b,42000000000000000000
0x0a73d5361997df3fa871160eee162a1a7ca952ad,65000000000000000000
0x3cc15e13cbde36a445abacf72177751b47c4d95e,27000000000000000000
0xa33f27200df873653bbe9e18cfc15cbc8a1e88e6,89000000000000000000
0x465f80cb2b9cbcc8431ccc22b305610c105d77aa,27000000000000000000
0xefcff0003991c9063253534ca72a5dab9d3ebdb1,74000000000000000000
0x0508c124670c435cf8ae86b16b1d01e615cf5099,12000000000000000000
0x40fe49d57f43b8ed32ce9fc46c65045fd1ae03fa,34000000000000000000
0x2c258432db5cbf2d0c32744e628672496eaf7495,57000000000000000000
0xe8ec10af360f765b21541a097fa9668a1f9b219d,34000000000000000000
0x8895dc82db4867b44c8acbc2352e366ff7f88868,62000000000000000000
0x68de39d4c06b65b121955f0edee779f635032ab3,39000000000000000000
0x7f4d27e1ce7ee354b8cd930b17da8fa56b5b7e71,77000000000000000000
0xe92ab5e8f1f4aecee952bff4e1ae528323220a5d,38000000000000000000
0x2d9b30f2ccdc805030b6a83772e86b2abbf3a66b,87000000000000000000
0x1f1e4d51d058562b1590834dfd84acb75c080690,72000000000000000000
0x3d8151fb44c6c16eb274d91554aa964968618daa,70000000000000000000
0x628af3bc80e2d775334cb93e6cda9c00d6469cd0,18000000000000000000
0x1171e2b43336ece08af03f8edbb1fd55b7a3ed33,31000000000000000000
0xcef6b58454fa09a5865a6ca628a578a29fdda088,98000000000000000000
0xddf78c3a0c8fb7792eb4f4858931603652908ddf,15000000000000000000
0x4677ca272bf4d4c81157bac426691cac98afb06b,74000000000000000000
0xe325cb007907edae050b91902a9f3f8f851ad60c,98000000000000000000
0x92d57c3a332c95dc750b982506187dfa9e778bc8,25000000000000000000
0xcab99f2eef2c79afb39c769c925f77b7484ab707,4000000000000000000
0x0bedc919fe65655279553abce0d12d867dd5d008,61000000000000000000
0xb55845d18177d2bf497ca4cccc902049a7f1d34f,90000000000000000000
0x935401f39cedde27775e47ba352824b5165da4f7,63000000000000000000
0x9bfa0d1be5b07a874210ca6d1076bdc0275354a5,84000000000000000000
0x1a2511915ad9bd1ab27ef44063549b27c3db146a,72000000000000000000
0xcb2efd9951b9eef4e398989a12277ff6bb8379ee,17000000000000000000
0x9eb4ae5553c296156932bf018bd64b76a20450bf,7000000000000000000
0xbb53cde47ed450e92deb8b3c3fbdd1ac072b3c99,98000000000000000000
0x874fb75af2a64568e69353f917b461687306aec9,90000000000000000000
0x9697daa7d61d9cf04347a4476b1316be31e8e5f6,7000000000000000000
0x69ef95903b57a7c7f560797a9ee8778f0c5c2865,37000000000000000000
0xd445fe6b2d2399596550341c596eeebd462fe617,4000000000000000000
0x24085a7dda5fff21a871a45ef7be6946fe4bd6c7,47000000000000000000
0x73793e7466766ea86a10a574a8922ac52135d052,19000000000000000000
0xa7e998d93b21033cd3b9ada11cb89acce20a1cf6,97000000000000000000
0xaa1997abd1800aab246555817216794b69ca9ef9,61000000000000000000
0xdafdd1e7e29299108cf7fa017982858aaa38a121,9000000000000000000
0x223e2a15d6b76fe2c94a250ccb022c65bae55770,27000000000000000000
0xfa3fa4bbd261849d1e07045a5787d9cd141bf8c3,80000000000000000000
0x94491bd0974def7cb68bdbaf24a86bb0909f7a52,60000000000000000000
0x3bcd655fa42de4fac954fa037ee7054d45f82ceb,26000000000000000000
0x936864bedc2b2b3fec52c945a1d581cc2784156f,68000000000000000000
0x7df7eba569499d6b91031021455b9e97f8018896,56000000000000000000
0xf268ca3cf82221a12ea85b04701c9239545c009c,67000000000000000000
0x5b4c84335e8b5d250534caba2414ee8040aed36d,7000000000000000000
0xcd67b5dd5de30049db984a649f536486bcf51773,80000000000000000000
0x93a4322bdb48ea62809dd9bcbab6b283aea55544,12000000000000000000
0xf3b533768d4ff4c9c8fca9b56fcf5c48c0404a5a,99000000000000000000
0x48e3c5f6d6d2bb61b993494271f496b16aea1669,11000000000000000000
0x420d192e525f6abe876dbcc1eb960c157f078f8b,44000000000000000000
0xfc64ade4a230da4655d2417b53792c23aa70c857,68000000000000000000
0x6ce7c0c6aee28f553a542408f72ea25df9ac5b0c,23000000000000000000
0x2b28f6d4aa13478999dd7f424c6221669f8669b2,25000000000000000000
0x6508649fc57c9ee216d7877fd694692051fc1bf9,4000000000000000000
0x6f9a2fc9f4b014bf891e6ec8a4fb337f00368bd3,78000000000000000000
0xbf2a48265b78c6c05a22486b078a6c1b860dc1c3,6000000000000000000
0x0f81695b4b68a252bf7a3d98532ef050eb83cb09,100000000000000000000
0x5fe5cd783c1300e559fdf3cd1388e9b4a8482dfd,57000000000000000000
0xa53581859c6fec1f5b2e6f485cfb9134d45b5ce8,12000000000000000000
0x55c9a66f98a7e606c74da5030149eec37977a1a2,85000000000000000000
0x57f8f034bf7456f8ae2c68abd752ff4b01a709e9,55000000000000000000
0xad9e1745c3c6fe266c5f322c9d8715a18f8d6af8,97000000000000000000
0xf25e6a844d354a8f114164aca488e82d04e26de3,4000000000000000000
0xf9a34911444e28826327eac3665cd15b4c2afcb6,12000000000000000000
0x57216a27ed6d0ae70861d9880380aee49b7eb820,48000000000000000000
0xebfaa25efca79a33f4c061cd2b8570ba2678ddc0,90000000000000000000
0x42ccc858c303acaebbd525d56e5ac0865a46b483,39000000000000000000
0xd833a5bd4a46d11273acb4a1eda5099bd40e36c7,26000000000000000000
0xe9312fc7d24f75c405bd944a74e7999a7a3a5327,97000000000000000000
0x7df5d327b3339a0a5a7bdcfd545c055e366994b0,3000000000000000000
0x83aeb9985dc5de53ef46057328a3d264f914dd5c,66000000000000000000
0x9052537ee289d881391b6f180ece34b45bdbb386,62000000000000000000
0xfeac5b15137fb898aba49804716c32d20cc715bd,4000000000000000000
0xc8a3db5557afadb3fcfd29b5e57b55ee4e8a73ad,87000000000000000000
0xbb60a68c985d9b9619bc63730a512fae2f3f2765,56000000000000000000
0xe5e6c6f9ed5d3116a028c90434260ef42e33d44b,44000000000000000000
0x0eeb85134539d1716c49241c4e22e50b8090d219,13000000000000000000
0x84e6ff43328bb6e15f4cb94caa3b04f416242d59,23000000000000000000
0x434564b6642754e484b5d310daa102b09ae67af8,100000000000000000000
0xb8dadaae821ca233d8b679ed76d9ad97872f2571,28000000000000000000
0x9d63ada255b6eb53ed3067c2a2b31bef458ff22e,3000000000000000000
0x3d3aa5c402e0ccdaf2a5f134f47beda97009b66a,81000000000000000000
0x7ef2766f4f07ef46b83bc115643931e3d6d9db84,56000000000000000000
0x26c5c491147300c9ddcd5a94f86d7f411549194e,97000000000000000000
0xef1426e7025afef394830cf9b6defc299af981f7,20000000000000000000
0x5ad947dba5466b8cbed56c707ceaca967df15c26,99000000000000000000
0xec0feee451fed76028e3539ea47a75bf7e05bfb7,53000000000000000000
0x861236d9be943f5f3aaf37dedbe0fd1fd0032a96,11000000000000000000
0x40e0d1f888e496275854daaa58e5561fc6830291,76000000000000000000
0xf2c4a063c34921b2d5dfb966bf3d35608f8979eb,9000000000000000000
0x5abf0c49b27796517dfaca17eaca84d4a8b418d5,46000000000000000000
0x013ed7f1758b6871acd680181e4c03c585db3fe1,27000000000000000000
0xd98ab549a4578eb4db29f7eaee780941c9e1fce9,44000000000000000000
0xa0e04435cc5822dae82e40a7cff8a8df77063beb,24000000000000000000
0x4f5df546f882bee797d6adbf3a669622a16a05ca,16000000000000000000
0xbca98e548f31f10dfcc764ea3df574c90f8a2880,42000000000000000000
0xcce8e661a9233a290517bf11e51b553be3669368,98000000000000000000
0xb2909c0296c55cbe94b215223c3e341cc80a21fa,79000000000000000000
0x3796412c86d2b5c6cf05cd57d97691db23e6c049,70000000000000000000
0xbd4f759e45d35957d0030baee7ba422a865637bb,71000000000000000000
0x09f37d8691259b29fc7666806306b3b8e0977f50,19000000000000000000
0x6a2f0e21bdbbdfbae982bb65f931cfedbe23d81d,27000000000000000000
0x6d0f296eb4c7711dd98e261646d1070207875512,90000000000000000000
0x41aa0bb543e3cdf826376f77dcfc7ab62d678ee9,6000000000000000000
0x42e7cb7940c8761bcd23e7c5866ee01b014855ef,87000000000000000000
0x4aedbf12263e8bd428def7ca670b0820270edfa9,27000000000000000000
0x75380cc1df3ec074bbff02fffdd18dc1f76461af,68000000000000000000
0xf07f13e8b52a2097935f2098ed3b72c3c673e5fc,55000000000000000000
0xad3f5d5772927762742e2f7703de1bb0f32ebdfc,4000000000000000000
0xb617f54cc9b1a9cc7d1e70831aafb8fa3567e89d,14000000000000000000
0xa9fb6a5522eb408befa1b827f7f0b68d02c2bcad,17000000000000000000
0xe15dfb5150e40443b022ba1f961fcaac3e3390c1,60000000000000000000
0xbfaa25c6525704b8fa0cccd549f58860243b4f08,4000000000000000000
0x1a72823eec332948e6d18d1f6c686792c3717dae,18000000000000000000
0xefae4227d35c6df28a7edc3e042a9cc5345357e8,4000000000000000000
0xcdae70b2c1762ff92164031612fad7c0f1f554d9,1000000000000000000
0x577de17046d545671886844426a6e33d4dc5a84a,24000000000000000000
0x05177f2a43fedc55814a91c6c8415feaaf4d539b,67000000000000000000
0x1825b78199c484c97f01ca0d114a4d4ec0425ab9,36000000000000000000
0x51f908d5ab73cacda2ddc0c4b033edf01b8316c3,96000000000000000000
0x32e036f1a6a327f9f67e37d712ffe1bd333b5f10,24000000000000000000
0xaf625129b11f881ad9b58f55d0ba910c73223a3e,83000000000000000000
0xa5bc1037693d28af1d93a2953b00eae3481ec993,44000000000000000000
0x0fa86d04e97b5b352ab2739be5db8122c7df010e,97000000000000000000
0x1ac7cb15e71b3ce7d6eeddbf37cf8b22af90d059,20000000000000000000
0x65436c1af28ff839df12784ecbe49e6ce2d6ec0b,98000000000000000000
0x1f31efb052e0b5355dde84c116852935bc3ea9ea,11000000000000000000
0xd993b8ab85f82dae701cf3fbc123b1858a3fb93a,96000000000000000000
0x9a9df89b19dc221e6587a6da0f0190a1f48a08aa,23000000000000000000
0xe29a9ccbf04f91a6d70f0ebb438d63ea0aba8221,49000000000000000000
0x47fc96cd9f22ec71e7e85fc59f119e962dfc08d5,64000000000000000000
0xa2060b2dbea640e8bb419b51d098a994f6fa0f0a,42000000000000000000
0x6427aef4f14d293eb03c4718a942a1ed71494360,9000000000000000000
0xb81bccd4665396ff4fdbf326cb931ff8b92113df,42000000000000000000
0xd910b382da7182b022846b7b373a19370cd23476,8000000000000000000
0x4712612b8e28dc3f22c02c92c466f35eebf9e49b,6000000000000000000
0x11df40430563c899dda25086285a626c5cee2600,52000000000000000000
0xa06651b48fb0a55ec79e1b6058834a02bc9da561,30000000000000000000
0xef7b2739c2edb3deb8d9a8d9be2804cda01862d5,83000000000000000000
0x07e2427e8a4ddcb03e043b87b410990a92b92874,56000000000000000000
0xd26f0b9c9eb188404d2fa63b7231026d8911f401,72000000000000000000
0xb524497a7e017052eb8c2a75f69cd9c935b46527,28000000000000000000
0x40ea84d47483296d4d0544bef4c88000bff5e23a,20000000000000000000
0xcb09b819f7fd0e86b4957f37de1a12839e5108f5,66000000000000000000
0x323099d1a74028352e82eab90e5b0352549a2ce6,68000000000000000000
0xf6fd833f3fe6aa9c52b96c89e879b7859fc834f7,77000000000000000000
0x5a8a2ad5185deb6dcac3f530b74fc3716a07d0c0,15000000000000000000
0x72f52378cbbc03988865b4b544636bdf888052ab,41000000000000000000
0x55c4683e397cecea38e29c67cf32b2ce95d5a72d,7000000000000000000
0xb7518deebbc277f43495366653dc7c94b41e7a01,18000000000000000000
0xf8a06c3e1b1cf6000122a088834cc25549c0d4d2,81000000000000000000
0x0785b98601164d6db264590fe701531a95b279b9,37000000000000000000
0x8901ef464ccd29824c4cba5626be342a66f81594,33000000000000000000
0xbc89ef01a034fd2b37dc2c7748e45c9200f0e45f,17000000000000000000
0xe4a483f7d852cbf9c15b6c20ae458e79b401a7b7,13000000000000000000
0x0ce1482df5d8cf8727b0fb01efb07c9df3917ffd,22000000000000000000
0x0439903f2785769a138ca56cfd7018e9e2da4b28,77000000000000000000
0x5e82c5fb7ef3ced0eaaa21194e910b9882217626,47000000000000000000
0x36a5ae912be1ec585eed183964b6e4fb7085dc33,43000000000000000000
0xc81e52826d4c1bbbf9ebdc1facab7e7c54f450a2,25000000000000000000
0xd1eac8963eec1ea755177ed966512572261a86d7,2000000000000000000
0x526a8272f74f726d5278878865263ce07fcd5355,98000000000000000000
0x397bd1d0d3222eb8eaac46847ebc235183b9157e,13000000000000000000
0xffed06dd0c9b2504380dfa1fd2d04db64413f1ff,74000000000000000000
0x1fa791eddb9a9db89321dc990d6b9e05efbc63c5,80000000000000000000
0x105ae033b0436118f0514900f1d2cc9854930853,95000000000000000000
0x72d1f3cd94116b633c0c67f215c1909463bbb6b6,93000000000000000000
0x797401b9b6b3bb2121086f827610441fc125638c,16000000000000000000
0x7c24da54c13cfeabddba13a1a57044a9b6bbb460,98000000000000000000
0x50abf9ad054a4573700089ae7eb3a63f45d77f92,86000000000000000000
0xbdbecb5e0054999fb36a1c31725b37aac4fe9338,77000000000000000000
0x64f0d3290754cd83220d178548e0a9ef97c3381d,23000000000000000000
0xccb67e590fb928fde0a728ecdd4a8426c1acdc8a,51000000000000000000
0x824553c19b2b55618648906f54cce93f0af0b851,57000000000000000000
0xcbcdc6cba4f0b0f84ac49f9c128b75286f8db3fb,76000000000000000000
0xe74795874a988ffc4058a53533c7cdb9ed923856,89000000000000000000
0xd87c385c624f053efb95f4bd84bae82adfd8acd2,23000000000000000000
0x1df0b7cce253f2a958f37a1b0157269610aaa7e7,26000000000000000000
0x0c5694ce1bc611040aa14408b7571b537ea673d5,72000000000000000000
0x146d237f4e112754ce5f11e21f0cb269626f824c,74000000000000000000
0x6670e327a704afe5401182beb9bc0a5917d8292f,96000000000000000000
0x48d41eba1b66bb32af2eec42366da3440c2f97d9,51000000000000000000
0x7ed0822b62140b9f4e7adad9e120fe66058666b9,24000000000000000000
0x7436ec54593d6d288440eb4e68eaa93166ddd9aa,31000000000000000000
0xe4f3d0058fcb0cb34611d4f16b266623b5214bd8,42000000000000000000
0x9cc143534b03920c93e0ac0ce6a3063a62cd320f,96000000000000000000
0x8c5ad651834b962c4d9fea98db1acfb5af1845de,12000000000000000000
0x092d52dac6020edacb8695ad9ca5289f4a057b99,39000000000000000000
0xbfc3998991f976384f2bba9c9090a5a0e72203a9,66000000000000000000
0x6240a86724eb24f7d5ab13cbb20d1c160872c1f6,46000000000000000000
0x54f2f956b50b540a407485fd250a1c6862960b45,73000000000000000000
0x797dd8d5bee8d57ac6d8f016897cf9fb161ff942,42000000000000000000
0x0dcdf97d0778546e8e8870bced642979549c4624,30000000000000000000
0xe02c23a1cf4eecee69029b493417a4898153557b,15000000000000000000
0x22338612270222100dd49f980f17f5f98bf39bff,19000000000000000000
0xc40bd2df1f65a7fee2e1ee684a354d72622d378f,38000000000000000000
0xb486767c1966205323db9b3edb08d4477dd0ce70,97000000000000000000
0x3b10871d77cea01a8654b2998ecf67f4e5b014d7,29000000000000000000
0x61d3a3aa89d934cd3360990b5684310b845a8286,84000000000000000000
0x0a4d0f4f658c5f6533a669b0e08571acf37be274,92000000000000000000
0xd289c7553f896165f9dc178612fcb8fd31060ce8,89000000000000000000
0x3a24c33c57716d6c3d8a5fc2de32db6dd27daccc,69000000000000000000
0x5e8d3ab4288b8aa2f93da60a3010b9817b12e58b,45000000000000000000
0x9de485a8583de9379c33231c0273689a697c00d7,76000000000000000000
0xc7c84790646d4517566645ad4e14d0a94cc878b9,33000000000000000000
0x75c822ec39efb019f4a71ac68c6cb697daf6bb1d,61000000000000000000
0x4409e0c9c98efde2f228c1f4a48c75b7d3d1847e,58000000000000000000
0x6a503371206b7f9211e6b43fd00866b82bef14aa,22000000000000000000
0xf0a505adeebb36fb06f48fac04d5f12c445caf78,4000000000000000000
0xd67031792ebed3cda59d4bf70397d368641b472a,38000000000000000000
0x39d26b991ab804dfbcd72f821acc2f065176b04d,18000000000000000000
0xa65a6b41f9debadf585e17a351f88c4cf9444ed0,77000000000000000000
0x870a2c8a58a4b600556040c3d9d46d00449ae5f4,55000000000000000000
0x8fee51e4a7434c151d438d923404b1cfe85201c0,44000000000000000000
0xf7dba04e099245aa685f47de1883f2764fea53e6,87000000000000000000
0x1927b593fde74ae21197f11a9945055269492310,85000000000000000000
0x0d3042a429f7c50d67c3cf58d852a1ce2cadb631,32000000000000000000
0x8f5659f38ffd77373fdf71116930d91cbdc0abb9,85000000000000000000
0xdfdd0ab423fa190a5421391acb3e70bdcce4ebda,49000000000000000000
0x9209ea66e40b2a8d65648e36f7dce1455961f787,2000000000000000000
0xa428a9bd4d4fc2a48c908ec3cf15832770da43b2,89000000000000000000
0xbb916d59804f3e2034dc8f770dda992a6ff79f4c,74000000000000000000
0x12adf5c66a2d76b4e6460b38bd02823db793c228,77000000000000000000
0xffcd4fdc5be6ba6b371490b179c633afff5e2eab,47000000000000000000
0xc4dce05460512d8054cd74099218acaf70568b06,66000000000000000000
0x4ea4542ac607995ff4b5b5e83807b8abbf809369,21000000000000000000
0x02d7497e06b8d610829fd3a7f2161b236f754023,87000000000000000000
0x5f628422a1e7f43927427fbd981b8289f070c721,58000000000000000000
0x5c5ae4324997ffb40921c08a77e1f3aea8b7880d,15000000000000000000
0xfd92a300c50900e39a9be36a2bc771753f7f544d,14000000000000000000
0x8513c9cd33092c28fc7303143065d51c29522acb,9000000000000000000
0xfe05a0c4bbec9311b58aa5d1b4ff48a4e1fc49df,26000000000000000000
0x3e0043d2d692f9abca818bfa63890f58d9e6d22e,69000000000000000000
0xaa60639dc0c050bb2c2859c0928099a95d11423e,37000000000000000000
0x0ba47ad4df5d417a115d48b47c2e4c07d1d5bf40,48000000000000000000
0x3a3383027fba4f85d4d693238f795849c9093d0a,77000000000000000000
0xaf34261a57fcb7584e82a6cca449794e1dabd5f1,76000000000000000000
0x0e49f48c19fe62a479e278ee89d0a59e62317ab0,21000000000000000000
0x73f141a66d101b021cc12a8e827fd2c66622319e,99000000000000000000
0x25533bfe4b723c487a3cc12ac32f34746af54c91,21000000000000000000
0x6d547a0036ef8f2eb4cc639c814a9469157d5b84,59000000000000000000
0xa587af8a9ca94fb44018ab49982afd4dde355a36,13000000000000000000
0xab16176f84e28a0eb1ad701b047e2dd4bc3f0eef,21000000000000000000
0x5c5a286c0feef88f0db6bd0a3a0023119e16da73,17000000000000000000
0x6e4b3f3b0940fc40d47d7608476c6b6e59b4e803,98000000000000000000
0x42def4ec185f33d7f1dcfafd86d875ce4e6a817e,12000000000000000000
0xd15fc6a4b7e8ad60843f874e977e9ffb3006c4e6,88000000000000000000
0xfd4504b00d5e9e1065405ef8a88674b5c3cfd732,14000000000000000000
0x3a403176c03ee6923fcf160f82ab28a7bc8a2487,69000000000000000000
0x75d413fd9f91e756b88bee7a3055665072ee819b,10000000000000000000
0x633bd3bc829e74da85759b957e819a3f70c51fe5,87000000000000000000
0x4d454cd0980a77bb9a32b4dc1cc01f0696d7f647,82000000000000000000
0xe1d203d4f36e52cc3c8843addced00cc03d870fe,8000000000000000000
0x336c36b868d8738812cf3bc016db145d875f6466,5000000000000000000
0xa865c60c0abff00502b700ac0a9f68500bb0c498,55000000000000000000
0xccc3f439b5609b284effbfa89afaafd0eb5e094e,96000000000000000000
0x2b44ec0454bfb29d617f2772e1f3aaeaae8c71fb,52000000000000000000
0x23d93c58d62678f6ebbd17308f9169f424f64676,98000000000000000000
0x9a6b6b79e9a456890e45e90f75cf651cb981e98e,63000000000000000000
0x77faeebcbf6580b93e3fe49efe51590187792ab0,32000000000000000000
0x27def7d82135215e6a940d7ff23ece9dc37ebe94,59000000000000000000
0xbcb5d5d066c07a8a994c37a9aba4b09e87f2bb33,36000000000000000000
0x03ed60ef9af2692e9449d5f2d3f44b6d95bd2850,5000000000000000000
0xcf0ce7231fd919e15170af1ab6184691106577f4,30000000000000000000
0xc691000d8f95b40ae2b385572e1c6cf9f1c5edac,47000000000000000000
0x9e81074e9f0f2f1e197fcefef93a1d58988427d4,96000000000000000000
0x31f1b5a91afea49bf7e74e63780aa98cc7f9aed3,100000000000000000000
0xea4ea5a849a229af4be17e0db37a036d8683e046,54000000000000000000
0x2753d87cf37243e61d68298e416a42839aa55fda,67000000000000000000
0xa2a37d56e3770911856914dcc27c15b03944208c,13000000000000000000
0xc7cd3156a536dd1934cba930901555c7c168baad,41000000000000000000
0xe169fcc5bab37f86043b92fc60ca9ae7ae5b96ff,45000000000000000000
0x133953c8242058cfb11daa9ec2b926403a41eab3,88000000000000000000
0x647d2bb3933a285a805ce121241ee72f5160c1ac,22000000000000000000
0xbf70107e34b27acb8b31ff815b8e2fedd41a73bd,88000000000000000000
0x721282cd4e0fbe6ee5eda6f9a2596ec5155f7ee3,87000000000000000000
0x6321fdebfa3c302553adb4b64a317ac5dbed82ff,62000000000000000000
0x6b2badfd40fa93c7fc499c1e0a21683a9ebfe53a,43000000000000000000
0x57757e3e79e25c23db8f1af9b5b1a9fc416ef472,63000000000000000000
0x6d10ecee3a1280780563e79223e0fd3a8de3de1a,10000000000000000000
0x08a0a8849a97da63d4c13f7e742d19a90df005c8,32000000000000000000
0xeee1b227ab33b777d5e3cb2823e07e524bb9c23d,11000000000000000000
0xf62b8671113502799c1aa642a00e4df3bfeeb891,52000000000000000000
0x4c45447ee49756bb93b0c27d3f7a12e72cf72a73,59000000000000000000
0xbcd648079859896d59eb9ef6f642acd9cbf988d2,82000000000000000000
0x8408f535805912f6780ff2e0b6a2e67e3fce0ee8,46000000000000000000
0x4b03226f4bcfb9af4068d5a272779e614be62966,74000000000000000000
0x4a8fcadb6a885db199f81524ef52ccae60752c1b,38000000000000000000
0xa671898a6acfc7f272d92f67c61404686d28a565,12000000000000000000
0x53ef7f3d1b7cb025ac4b35994d45c0245e0cae17,88000000000000000000
0x61362ce57cae4ea1a293faf61d48228ba2d098d3,87000000000000000000
0x6a40a3d85a6c3aa97eea8a87fab3a6b54737f514,59000000000000000000
0x7661a17d2b99da8f4439fe8370271bd5ca2ec827,45000000000000000000
0x5d77470ec0f9fd6c4bf91a98032d63e230e9740f,96000000000000000000
0x7d61f7685f2f7bfe78897764e4427d5e236f0715,71000000000000000000
0x6cd38a89a7cf89fa9d2270066a78c58f0437ff44,80000000000000000000
0x3b3def11058ebba8af2283b4614cc3bc3ef4aa3a,97000000000000000000
0x930215a1870dd24b26c542dbf39a2feec47b965b,64000000000000000000
0x7eaf9639eb0e11c57c20d18f0ddbb3130d9e49c8,59000000000000000000
0xfdb4bec244cd1780a6884b2d3a4320dcd220827b,87000000000000000000
0xead7ac8beac19fa18d686580f8ea8af967789715,43000000000000000000
0xf7d88eb1649e6908657a295583e542d024755d1b,7000000000000000000
0x92b2fbc83c37c9fcfb27111bbc01a914bee3b12e,3000000000000000000
0x12150a340cc0e8cff1ee734b64b67705ca56c243,77000000000000000000
0xe30dce6bbe281f2001ee50d0ec7f7c911295ced4,40000000000000000000
0x97f51581a1e6fba94c72e862912a6b74438cbd40,12000000000000000000
0xaa5e0990ff51cec5644e44eaecafccc50e6e69a5,44000000000000000000
0x92d61a77a7a9edadfe06cd14eef67ea218e4dde8,10000000000000000000
0x5c362d29451d532f05f63501a470546f9f161b1d,68000000000000000000
0xd0635a3e115e03974a149de6ddf5600a2cfbfc93,7000000000000000000
0xa06a0e3337f59fbd2aef67484192d918c5c4c3b9,33000000000000000000
0xf126552e9762e5d9b4324992d812545dff9c3d8b,4000000000000000000
0x2063068f75aacd3b26450bc2785bbb91b61a9609,14000000000000000000
0x60d3c3e9084b45466c5142d799e4106fe5212125,42000000000000000000
0x00573c7dea82783e7180e39ee8196a60028aaa04,82000000000000000000
0x2bc8bac4dd386d245cddc199ad42b2eb2732ee83,8000000000000000000
0x707d582b025e70673955e899c6d9bd902b15505a,89000000000000000000
0x7a9e5ff2d8cd1e4648ab6e2e32dc70ce7cc62ba8,77000000000000000000
0x72cfca3201fc91efc456106484e868c7f2cf4234,23000000000000000000
0x49d0ae94ec218ae3c4df5d420684e34a5766881d,64000000000000000000
0x82562345a5bb864650ebb1a1504b0d636c47479e,66000000000000000000
0x6379768d97173149ab77659b81caaf982e290838,5000000000000000000
0x09c6e6b2300ba5f9cfe5a701ab20ca6e3fc92821,30000000000000000000
0xa4a47a95be496391904eaf5af46b83a426959a2a,82000000000000000000
0x61be892379609dc2c4d3a8d258b266bd4fb75605,50000000000000000000
0xb6cbe30ab54f9a2e09a08f8e649f4fb09cf02197,5000000000000000000
0xbcc135eaf8a451452618e6b4a381b82cf941e3ed,30000000000000000000
0x735686e141bd07dd855f276c0c361915af2ade38,69000000000000000000
0x7071ddf9384b4f3e4e9c0d4b2b0e4bf1923a5243,43000000000000000000
0x0e4ebda45dba6dcd7e548a40df8d5b0a96ba00f0,75000000000000000000
0x331268e408bf1399449361f82a80b5ec9a22ab3a,25000000000000000000
0x9398c640cd367c656c3560f230239ab64378721c,70000000000000000000
0x48c9bf8ef950c85171e5876951feaedf0a70b152,52000000000000000000
0x4f39fc691a453efc30ceb17f4edf7d4c9ec508b5,95000000000000000000
0x92f72d5930a22d154d1c84c117f67c405fe50432,76000000000000000000
0x0c3628d709962131514866599e58d6a9de841368,43000000000000000000
0x4e0be54dd65c60d3e79aa4fcee7768eb4671bce0,94000000000000000000
0xca5ff27bd7dd3cf31f883e4a4aafcd68e7413bca,42000000000000000000
0xccbbc7a830d9810be507dc99e310545e1c35d82f,19000000000000000000
0xbaa925a2c0ccfc737e2b15aa69c274f39aba9a98,13000000000000000000
0xaf97e0517833e6ce201eba487cd59bd325584563,28000000000000000000
0x966a43dec8d25c85f0588f5e53346f759aab406f,68000000000000000000
0xcc261b2b63badf5c88d3560da7105bfc9d62abf1,12000000000000000000
0x87c6631348412d3406ae6223f1d085b6b8f1f23b,89000000000000000000
0xd7ad44252fccd2b830dd73241b34e7172a90d63c,46000000000000000000
0x0077a5d3aa2b6dcb86f81c683a5d7becd42506b1,12000000000000000000
0x9feba0b1e9f3c9bd8ce53e57797f25097eb93d61,88000000000000000000
0xf337760a243e107eccbeed70e67700b907ab85c9,36000000000000000000
0x6f65cc55503044d9ee8ec3760cf3cd8445acc936,57000000000000000000
0x232a8c23cfdd152fe02c71e32c1682497ae8eb6d,33000000000000000000
0x012cfc736b05424fc8f0b746dbcaaa5de068f168,95000000000000000000
0xccc5dfcb047a163e268b583bf3da7cc6c7682175,37000000000000000000
0xfe593ed5d79ab4eb574a97b989a7a2f0aabc297a,20000000000000000000
0x3d1d856748fc4d5e5dfc4e9060c63544215ad0f3,33000000000000000000
0xff96402dec4f072034048e1b3a5c493b07af69f4,91000000000000000000
0xb950df5225d44ab1874c29605095de967f4b329d,7000000000000000000
0x4274afe170a8d7c24e596b1f2baa9f83e93233b2,75000000000000000000
0xdfea8945d90a85d48e3fa3083e58e47ec884a8a0,27000000000000000000
0x0f5ecd36a58c4767d00dfc86a6e2d940e7b96fe8,83000000000000000000
0xa5c83acba1bef2b7372b604ea8da967e056387c3,86000000000000000000
0xff562d342686798b3e17fbcae5731b2ef2c9159b,32000000000000000000
0x40ebffd64194bd58c09c2f828f42e3ed372b893d,73000000000000000000
0x0be3a81e50ff7436cb5226188e475dd4a291d831,28000000000000000000
0xdd0c1322ac52bd7bcd3d61520dbdbd8f657e3c91,42000000000000000000
0x7bc324c8a772efcc7139d955d31b6edff52e5fa8,19000000000000000000
0x7b8e286a7eabf7085ed688d8fb69ab1acf8f838a,8000000000000000000
0xd855dc19993506fbdf2173a26af8351dcd3d7578,84000000000000000000
0x00f76ad72fcef7d07a23e35cd17cc8e4bc9ddaf6,80000000000000000000
0xee4e6ca0bbf7055ddc596df41a6322f59989e404,55000000000000000000
0xfd8eb18e307505f105f41cd8a0f9372df27cd2f4,9000000000000000000
0x1ff90340f0daee19059fd5f33f4b18fc47b03d51,55000000000000000000
0x1560759cde55c5f92f398358f0c10b2a1c0a631b,27000000000000000000
0x487d6d6544beff5ba3680a5383e363bdfc1fa14e,82000000000000000000
0x98ea881bf1e750fd19983f6610866d0454e20cec,21000000000000000000
0x302e66e1a2dd82fefa5198285bc261a389700f0e,63000000000000000000
0xf25a7bda0cda4ba820889e994c1972100763db05,7000000000000000000
0x3f447c5ffdf11f7dce733da527146c476e131eb6,38000000000000000000
0x37857516da794ba1a6b360ddbba476f678f83fe7,98000000000000000000
0xf1214ca00e98cfa370af5b937d09c1b063b7bcfc,78000000000000000000
0x904fa4492f689411bb64481e4de18d8586e0fe61,61000000000000000000
0xf77804fe1bd17067ed3ceb2ae684b2e328907c58,68000000000000000000
0xe446a3c1477be6f60b4c92b63b4db7124a7016cd,28000000000000000000
0xf815cb2507cc36c46659e81481958cc4f8d5df8c,30000000000000000000
0x57baf6419db63494df15d7ea881b181fc3ff8032,77000000000000000000
0x86676044e12d6c98f4cfce2ed6609f24c68c75ec,94000000000000000000
0x4d8d738f00059f22897f31c15ba61cfc6cb4a12f,84000000000000000000
0x59079b40761876e7b4b35f990bc0f17c3d3be472,53000000000000000000
0x93e6a000b08c3fb86442f81a2eeacd3f3d36cc25,81000000000000000000
0x76ec60416d0eb5b40227e35df05611969bb80769,90000000000000000000
0xace32ad8dce179ed7533e2703eae72fea4bc383e,63000000000000000000
0x92dc77d2d9094f2dc35f8786b0b0ce76974a781a,4000000000000000000
0x0bc72cf55a512f3555681baf1f2212ca80f4ab23,24000000000000000000
0xbf9f5ac4f4ca174323107fca0b4fb2e7af569709,47000000000000000000
0x536c1ed56501ef9b8ac308d988570eaee19e1aa0,24000000000000000000
0x8467c515d5b055daea338d61ef00a573634cbb29,71000000000000000000
0xbb4244f5e8c874e44ba2a9b720a88901354dd051,31000000000000000000
0xf74f97648a4bf304742388f34f48a2109e0fba1e,90000000000000000000
0xe8daebd9a9ee580dffa9414612479570604117a3,8000000000000000000
0x2b714d9c1694b05498aa214fc314bb329d774450,23000000000000000000
0x102b4fd20c41b97bcca35f2f099d738176d85172,13000000000000000000
0x2c1f0f981170abd070a028c05aa9c94db02405bd,53000000000000000000
0x7b0f744956f62db3efeac7f494decb0cf8b4c62d,26000000000000000000
0xf7a2bd21c05f3cabd4ee08712200ce58f2370007,61000000000000000000
0x72a8324119bfecfa0d469b260b7d61baa6390e96,80000000000000000000
0x102a306234415c5ad1924530a75075ffcee2af6b,18000000000000000000
0xc04e50ad8d34d71637f2a318723a6e4d14bf579c,58000000000000000000
0x56c99dc68c155d3434b204f309bb54fd4e2020ec,65000000000000000000
0x7a3f05c84b2b80faece9a261a11bbfe9df6fe0fb,99000000000000000000
0x79d82c470c238847b01978f6ad9f1e1cb449e329,1000000000000000000
0x2083190b3922a7d15407f356b7ddb191abbd9e99,100000000000000000000
0xd5bbaff83a771af3650dd1a4d86112dd55ddbaf8,92000000000000000000
0x2e841453110e087bedb9eb7ffec4eaaa697f7901,42000000000000000000
0x21a3e35b1c79073a471fb84c72e37f4be739a8a7,98000000000000000000
0x11723768443bf07328bd9cb9f1e65f803823929f,30000000000000000000
0x07df27a306e61220f0267b9e0ca091495f1b6c86,18000000000000000000
0x453f52c95efa3a37c9bd1e21947229f9ab5ad30d,61000000000000000000
0x2bed3096cca54999b29fe268550ecadde8aefe10,78000000000000000000
0x45a90e0471d33d679c8e847c8fee5cf056db81ca,44000000000000000000
0xc771c70665663d7d8a14cbc98ba500a0827f1a7f,58000000000000000000
0x8a8a4874b2150fb54a32b58cac7cdf47de4d6f9a,60000000000000000000
0x2cec1059be7c991e3dba72922d4a7821de42ac25,65000000000000000000
0xe3a31143c369535f56ffef54ad7423aa5f81d515,94000000000000000000
0x01f524f3335a5245f7174abd6490324605e9f86c,16000000000000000000
0x39aec360b8086473ef1561d428a04d0aa8f98568,39000000000000000000
0x349f3c8013f8850d9ef10a4c66c582b437f10466,18000000000000000000
0x79726e20b17ef35c6e116ba1e8447283ddb2e463,63000000000000000000
0xf4b6d772d2491ff7421e764d9ee57079dd296f6e,23000000000000000000
0x9a652330242193953f2a680f50c6ee0d22f0816e,43000000000000000000
0x0dd93e2b140b2f249032df9127626cd8189da388,61000000000000000000
0xd1875b24cd4756b8d75d701cf2752368652a8d95,11000000000000000000
0x83f0fb340bcb7a722fd9199659f891c0d228ec71,53000000000000000000
0x101b6a1f435bf1f778de1579eb4c510a5c9d89c8,6000000000000000000
0x3bf9f2b81fc720c4f6357c71d6891d40b824ac81,95000000000000000000
0xbeaf75f44fe07c81fe4d395c32ac354d0f41f271,9000000000000000000
0x7c05ecceaa089a5524c6086280a2aff4a5830d3b,64000000000000000000
0x8bc169bf279e819f23a074d0929c0deac825d01c,78000000000000000000
0xf64700ea6c615bba86502baab9b5539d1944ab62,54000000000000000000
0xee59c00fc20c8867a5831d4cd0ff88a42e1ee6cd,27000000000000000000
0xa2be8a0f19502ec5a84c73c11db30511af94d9be,3000000000000000000
0xd48f381b7952ef322c5686acb6658f2973517aab,97000000000000000000
0x6cd5da6327ee66e19d7991586806b13754e43bdd,68000000000000000000
0x9a1a1c71692875c18e9e8961c7ebdc10574add7c,19000000000000000000
0xb1fa02d4fc504109b5fbbe5a688c33b7d2e9da1e,4000000000000000000
0xa8e24e4e30057e4ada193934db0bbda1a8652dcd,2000000000000000000
0x19f8c1c01ee22afc3ee904cbfd5a23225c6c6929,10000000000000000000
0x9122ca1b1edb8100d5342477ee214f874094df81,72000000000000000000
0x3683a2e17c8869490143dde285644db3f4941d28,16000000000000000000
0xc601e9ecb8a3d61eca375b6b0f8e30f83915c414,75000000000000000000
0x73e1f1645e0dc9d47ade6cd07894afc90a5f2cd6,26000000000000000000
0xd3e4ebafaf5ea78e39a06da0037b34baeae3579b,5000000000000000000
0x9ba5d0eeee22c09967a05ca837732d7527155d02,9000000000000000000
0x6df992c91b1f766a81d8dc2952731c023732c3a2,14000000000000000000
0xf4b6dea636e5f8fd77389db439ace2869deda295,27000000000000000000
0x8c38438ae442f103d18eadc40c33e868491a4e74,86000000000000000000
0x723f0bf9a829b1166db6e039a38ccce0bae44ee7,57000000000000000000
0x1ff0c37942b368c21375dbb409daa72a12a79f66,77000000000000000000
0x3e0501252f8e69c5ed112e9c5dee37aacd89bc5e,61000000000000000000
0xa1ed85f2ef6b0931d430cab34363d573dd27b665,78000000000000000000
0xbd77317318fd64585d7c2b8208794a45fc3ae965,100000000000000000000
0x5f0c0b1e9ac34ea04a2727cb899bf024de85d65f,12000000000000000000
0x16ea4143012cda3b0dbc561a5b047955d9fa20fc,11000000000000000000
0xbda40d1438211ba4d4d32342190dded5e5464052,28000000000000000000
0x3e233b93cbb5d199dcb16147838401772eac3eaf,20000000000000000000
0xa4233bc04fd7b8bc01de031f0e6719d7973d38e0,30000000000000000000
0xaec8b8c2370756b218bc5cb2d87143de152b8c40,12000000000000000000
0x08732d7fe7ed7adbb23ab26f37b2b4162e9db7ad,40000000000000000000
0x2142692f7bbefcce092341e000a192fe95351ac8,24000000000000000000
0x9fd6b4189ba01d2ff54bcea7a93974f428fd2ffb,12000000000000000000
0xbd02d05922155336a18f718113c7ed01c2d899c6,94000000000000000000
0x75d1d41474c91fdf6ffddb47af1dd9b8c2dc925b,72000000000000000000
0x35d6cacd8503e134151c984a7a331ae6e2f5dc42,29000000000000000000
0x9b29be5930908cb877d7a1c50b2b8d6bd22d63f5,67000000000000000000
0x1dabd45bead890248bdba4ceb79d24656eb76d60,93000000000000000000
0x783e54724f04862c2f66f79220d5951fb67204cd,29000000000000000000
0x443bcd6d5e9ff368c330b3a790256d9318eadc74,25000000000000000000
0xe896697461f293d9bb06eaff35d47f3d09640a4a,79000000000000000000
0x660ca6e9b0ed29ac291b88312c52a41a0e47f00c,66000000000000000000
0xd6f7e8de8d472c4d3f6c40d18954963e218dcd49,18000000000000000000
0x2b7100b82e7cb69db6b9e195e18ccb289c82324a,10000000000000000000
0x335d02d42ffb60a46f4b0ce83853797528d8cb0b,63000000000000000000
0x7236c52a3785db6ecb31e083da5a7a5425b21643,70000000000000000000
0x4eeda00314fa6a57fb47a882dbdff0b9d2f87af7,95000000000000000000
0xf464cb12867894181e00018282192f4c0a4c6012,16000000000000000000
0xbe58b41b8eec920bf8e439004e137eaef0e84436,47000000000000000000
0xef0a883b6c5fc838a4ba6c32371aae407fa1a5a9,27000000000000000000
0x3cb73631e1b18461c016d26363bf3ef4d142ad79,73000000000000000000
0x265e65e6df50e2e74a0ebb7b92ca0f77a99a2d79,99000000000000000000
0x8c917e071ac43d8b21893ad9d1a97ea1164afba5,49000000000000000000
0xac4e1e9f8a2f5a2cc3b03155729de73439628e91,9000000000000000000
0xb531d3dc42e329c867a91c1aa625b308644c36cc,2000000000000000000
0x44ee4b6fba161ec6b701d000d6a959255ef06a17,55000000000000000000
0x019cecb2f027ae95abce1410dd36786cadcc65cb,66000000000000000000
0x1cd065c950533ad4fdcd3d170eb450fbfe16b4c7,88000000000000000000
0xc97afb0ba3b1a5b3bdc6baeb74fea876a76a5b99,14000000000000000000
0xc4638b1b498c73ac312c21bf3ee1b5be810da356,61000000000000000000
0x95d6cf9f31b502c427af3189bcc5907ff189edda,88000000000000000000
0x80351178e169605ec383e8ce571759e09f222727,77000000000000000000
0x022e9cadcb41323d27b7f9cba9607dbf3a80c7bc,6000000000000000000
0x7c3b0c9c1943a8c502490e02cc480e0102d4076b,28000000000000000000
0x1a6649b19b491b1bf834c7b28b6d757288556dd6,58000000000000000000
0x1c451dfba73e2423dfe3d684d997b7a0509941fe,96000000000000000000
0x1ac37fbf3a60223f84e2cd41708a3b105559c3dc,74000000000000000000
0xdbf2ee87d5d3fa2c19f017f5d4106b420b3089c9,22000000000000000000
0x95a0946a4bfc45907e669e18c905efdbf444467e,40000000000000000000
0xb5f0e0f55df70c86b17f587cd5fdc63a2df0a61f,67000000000000000000
0x7b5cfc56299c0c805a718d48f503672771218c42,75000000000000000000
0x6554158f9e2cbddec970d1752b5bf95348304df5,92000000000000000000
0x4dfc38661c5d2062230abfc8c0c442aea1252a81,13000000000000000000
0x21b7e883a07d269e7c8d9a633b3b57855f5548b3,7000000000000000000
0x4dccefacc9a07320ac743d7c8f09caf6cc3ff8d1,15000000000000000000
0x298415225c2219f4122cd6e712bcfbb05f89f9e8,62000000000000000000
0xd9127121adaae32adf47972e7dbb4bd40e1bd8d0,77000000000000000000
0xc51992d8a7a499422067439b0f19105de1cf136b,59000000000000000000
0xcdca040f61f5d020e26d59747ed7b07fda55010c,1000000000000000000
0x574dbd5680ff1f89b040285560511b4d437710c4,41000000000000000000
0xd21ed6d0855e500da2f1af86b33a0bc8054e64df,10000000000000000000
0x902e1b0ab9cdf6f1b2b57705921ddf1052634c8c,61000000000000000000
0x540107cfecf3a04b7008e04e13203702e9554753,59000000000000000000
0xec0f2da6279e836d914e8114d61b35f322764713,66000000000000000000
0x7513df744d7a977745c20bba6b3c029f468360cf,36000000000000000000
0xadba265e27506647055e300bea86263f82f43a29,69000000000000000000
0x00252747fc82610c6e90337164ebb2ae8ba27e95,12000000000000000000
0x818d1388a2587d50a49adabec19464b7cca046b7,54000000000000000000
0xe3e951d1fccb0a516b199aec68d52e2ece3d7659,23000000000000000000
0xe19a993a8aa3e9c46f38030891619ed3a3d2500f,54000000000000000000
0x436d946f6c99cdff130c1cd8a9307a65596b2a31,38000000000000000000
0x7f3cc76a1c71b154cb8fa8e83ead5d139285f2a8,5000000000000000000
0xf7e2accf159b91558e7a75bb5159e401393b79ac,80000000000000000000
0x9f39282563a197bfb400f18c6117a9e6abefa32d,16000000000000000000
0xa045d5f7e69406d14d7f5d2809114510b1c03537,30000000000000000000
0x8d497d0d5890270ad1f6f83278b9ef60252e2de2,19000000000000000000
0xec771aad4c356640c99c969e34793c24cb37a0eb,83000000000000000000
0x252a4c4ef63b72670eba86691d93da0746bdd289,50000000000000000000
0x9132cc269882da2d54910dcb23f1841761c1e9e1,18000000000000000000
0x300a3469433fdc83d59a0f35f620aa919aedd413,70000000000000000000
0x49fbfcb5a4fe0d2f02fcfde694272739a463da31,81000000000000000000
0xb650099d11d2e47937f4c8696d9d711bc5868534,72000000000000000000
0x3b138f963eb027a7449af4252c1d2cdadc93f5b3,76000000000000000000
0x88fa686dbe92c0e2b361c02814f04a71094a3b06,78000000000000000000
0xde7017309299e13efd16408bb9e564adef02e8d2,2000000000000000000
0x04e0b3475fe7b651f491dc3110390d9ea101c6dc,82000000000000000000
0x7a67f1c6dcc8bc85f31549a760b4b04763e13910,27000000000000000000
0x541ae925b71d92dc8c9ba2f0ad60688ae23bf7b9,36000000000000000000
0xf19d3cb97a7ed70e56a504147d7b4880b2d78b37,20000000000000000000
0x452ff12775a90cae638941b3d75b3c2283a67316,65000000000000000000
0xa2a49b00f0ce91e14972126e1b891db027e07ea7,88000000000000000000
0x77cef4bf7504d28036d1fef6fdb38c95cc76463f,68000000000000000000
0x1ac5794f8932a139d02b8bdebef8343103189f19,40000000000000000000
0x48a5d82ae03c3b1ab829cb017c87e8e472ad5582,33000000000000000000
0xe38bbf7fd1cd3f08486d6f398e4474a03a15cf12,41000000000000000000
0xe81fb65bad2eb509afe43fee2fec86a3e6200910,76000000000000000000
0xd227b01b9cb11b28448c019848f0340c1b29dce6,72000000000000000000
0x021bc297146fad5a8ffbe426b87fadf036359c62,84000000000000000000
0xb503dbaf8f4740992e32f2441e1a986a433faece,36000000000000000000
0x6abf745040e25e5448aecffb6002a2a17a10f526,36000000000000000000
0x4562e0da02e70195b7b34991f8889ee5be8ca47e,65000000000000000000
0x4d5ab370f3f6284e6451c4defdbdd09a19d50682,7000000000000000000
0x42bcb463e91e0fa3e59ba5f9b762f5d237942dfa,56000000000000000000
0x831576be3b0f6cca429785f89ae7e24b9bc7e135,58000000000000000000
0xe9d4399c42a1d998499800d66b1b063b3424bc2f,98000000000000000000
0x834d3816539df16d400fb8ca4544191d955f931a,65000000000000000000
0x4b07ccdc1ac67d3cd5562a0dc96b9ffc13895822,43000000000000000000
0x4bd1e5e7fffd38a30971f9e6db7e4e35229e3b3a,2000000000000000000
0xc9e27bcacb814eb5cf2fa3b9ac5b7955fe815e39,1000000000000000000
0x38d03d7f91f58a0003d29d6e277633c7160a1265,63000000000000000000
0x12572ed55adc8c81bb01f05aa6538c26f10a758d,40000000000000000000
0x1dd6fc4ca471d69f0a882ff71aa495b441ada296,46000000000000000000
0x87cd9c64e340c533a90c182b8d95f36b4093eecd,20000000000000000000
0x6245a48d68c3d3de329b527b57f62c0613a27267,93000000000000000000
0x2956691060f3de0f3061995f048ace9d0fbc65c4,92000000000000000000
0xe3df616b906a9af1e3836a8a85af9034d6bbf5b1,73000000000000000000
0x95df547122140c8d6f3c063ced3181c13c1d3600,40000000000000000000
0x839e8c8ad48bc7186250918cbe9ed05549f3447d,63000000000000000000
0x1d8db5304e2663d6594fc0c524473b1dfe0a9b9c,65000000000000000000
0xa98751c1bf6d09064f354a68047e3336c6ace274,44000000000000000000
0x06f391d281c2286ddb756fa2a6fe5fd1472a7855,32000000000000000000
0x880996e86608099280a2bb5c6a70746db6507474,5000000000000000000
0x1e6c716aaf82cf4bb911ce91c9813748dc472c46,82000000000000000000
0x6f6f2d75042caa5fd358d99ffc0b15d44315f107,10000000000000000000
0xb2a76bdc8b9eaa48fd4a91bae96cda900e049bea,63000000000000000000
0x5c53a9cf9b031ba9844251610697781895b357e0,15000000000000000000
0xa1252e8476f2188321ac76ff480e0ea87020b5a9,41000000000000000000
0x0d749733fdbc44b8af77a5810d37684f4852ac8d,59000000000000000000
0xeb54a39c4d7f4fa7b049cc93b2f011e525a860b8,56000000000000000000
0xda2972749b8fc67e7f33a37dce04b8cc9ffe2bcb,92000000000000000000
0x51a77dbb6478a43dd74ec19c751b4ff046532923,50000000000000000000
0xce0c35e72268eeb43c409b14e8b1aea19bc6fcfa,65000000000000000000
0x9acade72dbf3bbb59b5809e562a1217e8e384165,10000000000000000000
0x73d4eea7989c398ace7fab6db815ef24a01dd519,48000000000000000000
0x1d3161a4e01a3cfc576a46490257ed6657ebd48d,20000000000000000000
0x5cc5a457defce2908d1711a7aeb913d6e8e3d5b8,90000000000000000000
0xefbb6e6c63824ac857df6c1ee6ec08bfee9075d8,32000000000000000000
0x5e4c7a246e0a23c6b608fe94cf6d4aaee70f402b,52000000000000000000
0x3ffd1fa21ec933b69429f9cd97493732570d3963,10000000000000000000
0xe5bbd59740b5f864b7f562047db6579442283e68,68000000000000000000
0xa1a3659cf4043d546344cce625d5396fe0d2321a,24000000000000000000
0xa44fdd3b1c9270631f3e9d7d1f289f6b35013386,20000000000000000000
0x448b00d4b11ab613905c30b5591d345ca67c15a6,24000000000000000000
0x56e7e1ed3c8069605a07153a3a317bb5325e1e3f,48000000000000000000
0x0f88b4c11615dd2f275bf078c6509a2a27250d1a,67000000000000000000
0x27b7ed2a4a7645558d74eb26755689027203a2d1,86000000000000000000
0x9aa02a1b01a104f9304bd82e81459089443c45a7,30000000000000000000
0xcd865e53a12f56bfcb0d12f6183b636a09e26a5d,69000000000000000000
0x9a6f5ae34774237ddabf4ab9810277a0ac4d0223,88000000000000000000
0x854d4a2ff810c695ee54d8d65954cc75eab9bd34,69000000000000000000
0x8f7eaaeaa82475972af52d5bfa7b7567cdc774c6,66000000000000000000
0x2cf5c7987fd506c118f532035c493753c1b2ae90,79000000000000000000
0xda42802bf3e637a40d119664734cdb013ed12d60,42000000000000000000
0x5a13eaa9dff5075d4b9d3a30858a3386a6bc9462,38000000000000000000
0xa1974d82ff92919be3c08e622abec0c8736ab393,41000000000000000000
0xd5394d49e012d88f81611bb00345f6e1952717da,3000000000000000000
0x94560740ec1e8965402c93dfd9bb72bdc6f2b2ab,94000000000000000000
0xe457bbd2efb24ce088302e7da9effa78529e4be1,85000000000000000000
0x7c56a9d798ec2a96e4f899bdeb790bcd23ec8e19,14000000000000000000
0x3a2f06f8a3de671f9c6494435459650585d1cf7f,28000000000000000000
0xe7a48a3b8f8f27c7d389a9ca5e8a399fe12b13b4,80000000000000000000
0x8c52aedf3acab9d3419cfef24c6a9edfd3adeb14,31000000000000000000
0x39c2d9ac005a767c6048d7ad80ff162904fd144d,49000000000000000000
0xaa8bacc672e2632a05881cb31f4daf52862dae33,59000000000000000000
0x829549c3862ebce468e128ef5b5c5eabe1616c97,81000000000000000000
0x02dc0098018e8f0aab09fa4e2a5ea746ca53e1ed,34000000000000000000
0xdffda45f3bce3bcacba451228bab79b317a292d1,57000000000000000000
0x52122a33f6aab107ee36a4a814eeee4a3a0a10bd,1000000000000000000
0x44e22607d49089a11d6762b889e37c735ff6d824,72000000000000000000
0xbbb201e24f989bd556e44be62810bffa91d82dd7,81000000000000000000
0x7eb3488a8734d7cbfd707a286be224718fddec0d,76000000000000000000
0x51414ab2656724e924c369b092ca5c0a10659230,13000000000000000000
0xf6186edc0ecbe413def9ffcf8b9d50499c41d29e,68000000000000000000
0x36f661245317af23b2d6139d778c46f2199b350f,72000000000000000000
0x7992de7e68b06f4cf70e6be5a83875f8a44d3c4e,95000000000000000000
0x1c002bae07dbfcc4d7cef31291f9ee8442aa6e4f,73000000000000000000
0x37b6666e69941025b8a59ff2fce86b30d777b9b5,41000000000000000000
0xa07392afdfd0e3ed91f4f63ff43cd990692d2dc4,35000000000000000000
0x7b71747b48da794dfdf517231dc663353b886259,53000000000000000000
0x0437cf6c7478ba41d4891cce9149c7d8ef998de1,49000000000000000000
0x588faeb46e9c95ea5d779b0fd7ff062f4a0527ee,38000000000000000000
0xb3ea168419c53f53e73dd1e6793c30f2158fb3d4,81000000000000000000
0x897ada36e334a8caadee01b7e8b1cdfce1d9b689,14000000000000000000
0xabf4e62b55bfff5d879463db63086961eca7a616,21000000000000000000
0x8544c57eb0b9d663bd7bfde35bed6c790584e60d,42000000000000000000
0xcebc1d17cd6f7b1a16225bd9d41af98847b820bb,74000000000000000000
0xd139a708794ee8b3a96774d2f6f5844e10106d70,73000000000000000000
0xa368f13a1d4854862d75cba0b70841b02ee544e0,66000000000000000000
0x3919c58722377240878980d8bcd75c56acae277d,17000000000000000000
0x8cd29857964019cbbb1b3303bcba8deaeae5e9da,38000000000000000000
0x1b0bfb842aa69d7f627d3deaa07ed093fa08a644,18000000000000000000
0x52a79ceef0b1abfa53bc0e4f5fa611cd6a4d88e9,48000000000000000000
0x268507d9e70d25e9eaa26a964d6ef910b4c563d3,55000000000000000000
0x54455a7b60e6c15cbe59f0e1f0be3dbf3cdbff2d,73000000000000000000
0x0c4d4a0a8afb5d349f1d95873eb4523ade49a6ab,9000000000000000000
0x3380031865c26c95b39a09861c55ea5be14e8b7f,89000000000000000000
0x1b22a4d954bf53481d41526824ea9cd6b724028c,26000000000000000000
0x7b19b78fdc065c1fa5fbb7be6d316a2fd2dd3f04,47000000000000000000
0xa6816850b99c7348cf5d88919e54e7f35a49374c,94000000000000000000
0xd195dd2d0ef9569ad685eb97e7602b4b17792e3c,15000000000000000000
0xac096c2aeb98c96543e0006fd258c208ecc96016,29000000000000000000
0xea50409b09326f691e4ec8ed42f8999abf024c94,36000000000000000000
0xc2777ecf1e40dd06b0796c71d1ed6aff3feb0be4,9000000000000000000
0x0d6520d909d111c2a2b2b5a60ab5e6b0b371571b,22000000000000000000
0x1db5326bb095cfaea0e6a95daaf1c16430a7437e,91000000000000000000
0x8842b9970795defb09fa95be022ba7e33d66da7e,13000000000000000000
0x345ab2b7d27c254bdef3ce173269153c32ed4f8a,61000000000000000000
0xe17dd95c2f23ff986b7df6e91324d9c1e04ac4ad,85000000000000000000
0xf9bf86667a85654be428798e3efd8dd7de938eae,31000000000000000000
0x69320fd52bd8669f9e97c34d7c767e3c98455d04,4000000000000000000
0x9932a1a0c743d698a37e82db7542f1b6f6960401,88000000000000000000
0x29fc6e79db7635ea483cad6ac28d2327e9d05ff5,79000000000000000000
0xe63f700926b3eab60133a35d0a0e295423b0c133,6000000000000000000
0x601dfafa9f48f9a0acb79ae2ae77ff2f20ca13cd,45000000000000000000
0xd6cb45b24993ff2aebd621a93d7d8622f4b42764,45000000000000000000
0x0d66571dd30df3277ba6e62aa4d28f1cb2d375ba,65000000000000000000
0x349ead79d955a67947e36fec4ce354dea6680586,33000000000000000000
0xd45f99570df4ef3cde9b8db68eb9525140eb5d71,18000000000000000000
0x96494f82c5762410ad870868a1eebcdab96b7661,68000000000000000000
0x1a46125e5b6871e418654910b831c09409dd8699,90000000000000000000
0x8879d4ee4592a3db4bfc6cb3b16c686d78e6d814,86000000000000000000
0xbf430fefd5a7cb2c9174e1d0a4b192e4de28a8ae,83000000000000000000
0xbcf26d8f00b1649329a689bdadd341fe6f324046,42000000000000000000
0x12a8a04789c74c3126360d360a9d5d93b404ba73,89000000000000000000
0x6f2fd984860ad497ab508aa309b8101f9af94142,76000000000000000000
0x77fd88c2502f207fc0f2547f85fb42e65c7bc1d2,23000000000000000000
0x9985914ceb64e311d06a24b73e20d3a5fbdba91b,28000000000000000000
0xeb4e033ad45e77784557fbf841c75850f0b52e18,79000000000000000000
0x355c8317a5aaeb09223b7b0b92a53b7a0072f11c,90000000000000000000
0x327170490d8411bcb8e961adee30f9788d11a0e1,13000000000000000000
0xe03480337588d07706dbd8db2bbf253996ca89a8,62000000000000000000
0xd62ebe62a42327652765833888ac1c9e845685d7,30000000000000000000
0xd93efaadb677f09315abd355e6b3436df73d5d2d,55000000000000000000
0x8ebc9ea405a0fb0f21edba4f158186c2c6f8d3a7,70000000000000000000
0x0052c6810d0471f6e2f51826bcf2f51ee37bdbdc,49000000000000000000
0x376f1d31deefedb803d63bf11310e40c9f72d34e,1000000000000000000
0xe8339ac1184d60ae128d2221aa2ae47b8b5db99e,63000000000000000000
0x9104559a7d3597afdbe14d986eabd9acfb8fe2ae,42000000000000000000
0xb9c7e915f269c0b83000b777f0fefef80ee224d5,64000000000000000000
0x4553d5c10bf34bef5ac572656b94243eedcd87d2,82000000000000000000
0x9322c88544c0dfd5c8b5d5bcdffa41e870b95209,32000000000000000000
0x7901c1fe733a466d654172134c229015ab863991,64000000000000000000
0xb2ca5df869101dbb12379e5a76e84f027197cd49,24000000000000000000
0x130971dab95cad4f99678e615c1678414f39b304,17000000000000000000
0x8ade97b9cce14c047990a49f1dad38dcff9563e7,54000000000000000000
0x397d3f8f222267d4c406c3c475e4f5e60f201245,86000000000000000000
0x8815bc9b17d01d032025a4ad486ef67a85e704cc,37000000000000000000
0x0bfbda2821c9b109617fcbd315d76efcd141ffd5,3000000000000000000
0xef754ad7ec8a757424eefb5d627a688c8e987622,81000000000000000000
0x26d4b0de004e4e3f3e8d43d690c5d936d9273822,67000000000000000000
0x77de478886f6485178169bd4d06f42ff0e6d1cca,13000000000000000000
0xe036c93ace27953982fd1ea1f5ad7ef7c4e274f2,61000000000000000000
0x4c8d624ba637850605747951019451f478333aba,26000000000000000000
0x31373153bac729f9133c6dfc34406075d94b52db,61000000000000000000
0x73a5bc5bdd6b25c008957b651180de3823a070d1,96000000000000000000
0x30c95332708d66b4b1d95f409751bd76cd9cc582,72000000000000000000
0xdc8d2f3a89e87db80db1ec8275a84f7c0d1bc6e5,86000000000000000000
0x25c23273b9440b80e5c203d0bbc8993907129d56,50000000000000000000
0xadb03e8a3c5fd6426a1941917eb87fbc7c1a37d5,77000000000000000000
0xdde5e089ca1c9ea4b3577fa855ec4a6ddcbbe668,89000000000000000000
0x1cceaa335fcce7c6773ab6126dac09ef4153b7f7,54000000000000000000
0xd1b068b38f92146d01b3a26c15589fe58f6730df,83000000000000000000
0x39084f4d6508b5df5bbe603217507a59fe838143,93000000000000000000
0x6aeee91b1c77caa18f1482e12a73e3b90b5b0530,93000000000000000000
0xf4c04b9541a3a5c6857185bd9eba91be9992193a,3000000000000000000
0x98d7e762bb88979bcff5fa4b8aa6d20ae5542708,2000000000000000000
0xa07fd34f0f178503b206531db1fb72cdeee6195b,97000000000000000000
0x0f579df1f3d2723e839577f2188bdddb1f38ed6a,43000000000000000000
0x5302e1d6157db430ab56ce8b8bc610edab14ac1e,32000000000000000000
0x0b42836b90fef14473145a1ab369f390afcd97e1,66000000000000000000
0xb889273745a6f551639990f037061e427fd64aac,57000000000000000000
0x459597d56fceef27ef9c86b9cdee044349ee2757,77000000000000000000
0x6427ed69be08676f00b4154c8aef158fb99f9d4b,32000000000000000000
0xb78affef808bef122d4d4f51b1219273edaebc9a,1000000000000000000
0x4ae705e76f225dd19261ec5c31e726594a293c26,10000000000000000000
0x472ecbc5cfd57f456064683f486cca177a3b9a6d,51000000000000000000
0x0855696080b95804037d4e976e27482a1a95fdbc,66000000000000000000
0x39b5834a0cdb75c1605d140c241ddfbf8c5978f8,67000000000000000000
0xba971ba0f9aa4d72712a314c2fbd66793ef2d65d,85000000000000000000
0xd3a691ef1a39e82ce380c8f990cf0c3fed6570ca,13000000000000000000
0xe120a242e080e39f230e4dd3423eed60a1b5d1f3,55000000000000000000
0xdd8d5dd0c69c1383b28163d2f05abc702315ea6a,2000000000000000000
0xb60b3aeb5e693b9a8ed899a4fe9ef0d3e62683a0,48000000000000000000
0x3efb8a3fb75e7e546fe7379f3a03941d13e3726b,72000000000000000000
0xb94aaf89c0e060d77224ca27b75e1e63176f73aa,52000000000000000000
0xc59d16c41907420bd0f79ee85fe91efbb76bc36c,80000000000000000000
0x7c2306e0ac04980b85e2f9ae083b546807aad4d9,84000000000000000000
0xacbcb77f31985504bc97e7759e6716349296604f,54000000000000000000
0x3214d81dbc3e2f4ed712e1ebe275fbc2a27b2245,50000000000000000000
0x25af2e312e44e7eb73fc751491c5288ded8e256b,22000000000000000000
0x871280ff98693d5e3e2b325a3551db352bccacfc,82000000000000000000
0xc8084c6621f74e5aa4fd586cb869d5f7220bb64c,98000000000000000000
0xe4395ea4a45330af3635c76fd0ec6466d612292f,30000000000000000000
0x95c26b50c2ac8217979be5522d65f68ab2279653,48000000000000000000
0x7ea9b86507c56932ddd297ed4667c9a05f31a0ae,66000000000000000000
0x8ad9bfce9cf2ebe9d7dfacdbd4b368d59e27365e,86000000000000000000
0xa11ccdc5207c7261b78a366c55ffd16c442130f6,66000000000000000000
0x94ef46063176b72616dc8feaa1caa3d846a955aa,36000000000000000000
0x6c02d0c5b4eba2744684aa6267b868fbf7179ea5,99000000000000000000
0x0ac2ded39c2aaa35dea6ebb42d5e61644e4015b4,26000000000000000000
0x486c4f906c45a78d194b6352eee00d4e2ff7b5ca,15000000000000000000
0x5e2456ea8c1a69d7e7ee96f88d9695636294b5e9,72000000000000000000
0x2fdfc49e1de876855133c1f63c0f9e6327c46dc4,71000000000000000000
0x4dd7ba52c23848a5b8023ade2e1be007493ea58a,11000000000000000000
0x06e6ae1adc6a17c46e37fc53fb6f9db1ac85783a,84000000000000000000
0xa76256136938f2e0a3b5c283266e9ff058d47c7e,62000000000000000000
0xc4a3be747d868a7410cf14477791cbacf83206b5,64000000000000000000
0xa008853622fe19958c3780a0f263f1323c82be79,96000000000000000000
0x8518e2e905c71cb58022ded71b8dd87fcbf7d900,100000000000000000000
0xb53cf45230d6222b5dabc277088665d1dd4ce445,73000000000000000000
0xbdd033eaaa7af94e422ed42c57fd8431c67a73a0,9000000000000000000
0xfc7c786d80612967674cf8269fdf8d52e59dce87,49000000000000000000
0xea23b25482d77d0d15750565a851b3259eb548e8,87000000000000000000
0x1cb761c88c126b694968c53b204e11430e6efd41,18000000000000000000
0xeb2c193a4dddba3688965f6042a01cb8d298ce71,76000000000000000000
0x890f460e3268c54feae37ef3adb59376b77e79d1,22000000000000000000
0x7e2fa315ff7fd0ade6eab67972b13d010385bf30,63000000000000000000
0xba393b3dc942cd4601bf48ea144ffc95d058184d,47000000000000000000
0x38a290d364cdab7fa33039bef1414bd613e7b982,98000000000000000000
0x8f302dc4a9892d19c0599ff0da8c689f56b17e51,76000000000000000000
0x535c3e8abaa60af29726582504081bf9c44878ad,49000000000000000000
0x6dd01060acd105c940fb92b054e18f52bc17a6f8,10000000000000000000
0x33919ac2c014d93a84c7cbf3f723b81a51d8cf60,84000000000000000000
0x5ecc17e549a2ac53ecbb6ed57f7f4299e0a85aa5,60000000000000000000
0xce31a130241e6e01eefd6720cec27b89192c8026,33000000000000000000
0x865c4bc2f12a55d990a2b6e8a8c400ce6662736a,29000000000000000000
0x21ea47b32501a2cfd98e020bbcd3c62e12a263f4,98000000000000000000
0x3201fdd0d2545d05d83896799537a9c6a0ca9724,92000000000000000000
0xa9350395604fc3a3487041a29e6be7fea7338a34,81000000000000000000
0xbc372771734d5ef3a3f3a7741497a1ece2216b60,96000000000000000000
0xa78c704f8a08c83424f1f153231c2f43ad4ae10f,10000000000000000000
0xa73eb9747ed0bdbf3e196fc969385f950716e131,87000000000000000000
0x2bc0353aeda112ef5343ed0d16d81e86059a4324,28000000000000000000
0x6edefc75f0719eca5135dfd138195a42e76bb23c,95000000000000000000
0xee458acd11c8d844b69915d625992cf8a442e39e,31000000000000000000
0x11befdd8dc35a7c3e8a0353b00568735dc957765,63000000000000000000
0x0d82b1d4ff2bca542c2e9c52eacdbdfcbf93290c,41000000000000000000
0x0c4790e9221790b96c023f48f5323842e68c81ec,90000000000000000000
0x8918bae2e1e12edc6c1976c6fd0a779407b37176,1000000000000000000
0x44f66609cdb9fae5efa76a681af12ceba3694447,91000000000000000000
0x6bd463aee92851ae2e9e22dffc3e798f46c88ba2,10000000000000000000
0x6421853a5d40aaacab83db00ea4bf2c565b876be,62000000000000000000
0xe94c36879ecb98e9c8d530fa212ffa253852db00,45000000000000000000
0x1af3e606c5b7c3d96aa2692226fabe11acee4454,10000000000000000000
0xea2ac98006322d986e360a16fbb5e1b6d8f99ee5,53000000000000000000
0x60098f60e43633e18ab5bd8b3c69f39c00b2b5dd,45000000000000000000
0x57750bdba3babd3e745bc0f9963ef23696bdd31b,74000000000000000000
0x3144a38dce6d772b05405fde30f145ae0199f8ee,83000000000000000000
0xa0bf73fccb5ff053f3838c9ff1b711d0e2b3dd33,65000000000000000000
0xfa2dbc46611627be38fecb9eaaba720f253f4a8d,39000000000000000000
0xcb7f71f4419713ffb983de7a69f06b01f6d91db3,67000000000000000000
0xa94532b2c53803a5001eb14fef0b60458fbbc164,1000000000000000000
0x72c0c6d17fc3543970a551016b13e95c9e5c3266,81000000000000000000
0xb424ed873c270d5475af63a9fdd8680d938e96ec,17000000000000000000
0x05bf70c625d3966a746aba78ae8367c0c25d76ca,26000000000000000000
0x88bde90fbf803f7e9f6bb4e487aecfd97a3a69da,80000000000000000000
0x25094946badbfda4dc99b4f8f0c4c223c340a60b,98000000000000000000
0xc52fd548633c05729cec34e43c205c9338c0de2b,18000000000000000000
0x6646b43c31550137726aaf35810bfa23cf15a065,38000000000000000000
0x873f2735a682b095eab0353e4d1cb217c6a579e1,97000000000000000000
0x154fdea8ae1294bd6686a42823eb67fac34754f0,52000000000000000000
0x25714343703c0f6cb7de64ce3da53b8683e26e91,57000000000000000000
0xcfbf8e03e9a9b0876e2ed5543003ef8120a53842,5000000000000000000
0x71a7e9a00af671f5c2e679e1424a385b30bf9ff2,97000000000000000000
0xa858977cc85968b99f3a2b192289c7458904edd8,65000000000000000000
0x25548870790b46769622ddc2a80dd37597896da6,100000000000000000000
0x449eb20f999e8af725798e7e9f672b98c1ffc37e,65000000000000000000
0xdc8a117058534658dfc117212e314ea2576b28ac,85000000000000000000
0x9f74520b69662cf9512ec0c9655a4245d04b8490,47000000000000000000
0xc63502ce38f9851880f9b65283d88caf7dddf874,6000000000000000000
0xf6938106839d1c9e2aa12f9f898dd347f8186397,42000000000000000000
0x2707d8d053f9603a7e0249e212e6570d7e45c577,11000000000000000000
0xc6f8e5fdb984ef3f2303e513d0220457ee0eb155,16000000000000000000
0xaa85aeee2666bfbfcdd5084ebf939e788a8f88fc,74000000000000000000
0x32228107946c06bc56704b592e819c9d566cc1d3,79000000000000000000
0x4dcea6b3651c129bc9de824c05901fd449550b42,28000000000000000000
0xcc197d67daeb6515778cf31ee91197af1281db0b,19000000000000000000
0x90c4c878e3533fd2f7f226d655c811d2c1eeedb1,12000000000000000000
0xde6b3fd96dfb8a3c5c41f887b32c3a68acd53860,94000000000000000000
0xed443b5c8dd8b9aa5da7024836c0802c081e289c,78000000000000000000
0x395bd932c517f5a44af3dafca500c60b2635fdde,84000000000000000000
0xf2dff4c6c09135d7cd10ada1da43cfa5381071f3,56000000000000000000
0x0463dc714e9d7ecb9ea0da9ab483b6429161b109,27000000000000000000
0xd93421559a434b8cf7bf5aaa2e901129c47cb1b4,53000000000000000000
0x9dde9f78468994216472ab0647008cb285c84134,80000000000000000000
0xc2eb718026e45c8557b306da6bd3722516be7452,93000000000000000000
0x0d9cce432a0cd060cfb4b12ab391f2f3def72dbe,61000000000000000000
0x5951e9b5232498b0678c3e66727e0746f86f818b,76000000000000000000
0x3a9a8e9b32e683054ef80b088610a23d3d8a9f2c,2000000000000000000
0x421ae4a4d2bcf8f4bb1030a2282be9dcb852cd9b,67000000000000000000
0xc274a0ef8dd60457e26fcdaba7181df50ef17a28,52000000000000000000
0xd5709fc7fe0311e5ba8204b11bed6b603bd0f67b,30000000000000000000
0x9227591a711d403f63dc9df61e11dc37003c36c7,79000000000000000000
0x100277a8d2736ba1cd040c5128d872f9cde7dec9,7000000000000000000
0x20f467b264e984b81013abe806eee7ba59f52e28,24000000000000000000
0x8ac64945a4ec37611a6fa94663569dd0381aba36,87000000000000000000